pdf_file,output,flag,username,timestamp
D:\Pycharm_Projects\llm_report_generate\flagged\pdf_file\06f9fccf89c6274bfb1afe01b3f5021cd78f148c\发明授权 一种基于多模态大模型的景区虚拟模型构建系统.pdf,,,,2024-03-19 13:37:20.450088
D:\Pycharm_Projects\llm_report_generate\flagged\pdf_file\5f6b9038185ec1a381c50aac9f0d91532e1b28b4\基于XGBoost的企业排污违法概率评估模型_邱文韬.pdf,"'

2.1 数据预处理 

首先，对企业排污数据进行清洗，去除重复数据、缺失数据和异常数据。然后，对数据进行特征工程处理，提取出与排污违法行为相关的特征，如排放量、排放浓度、排放频率等。最后，将数据分为训练集和测试集，用于模型训练和验证。

2.2 XGBoost算法模型构建 

采用XGBoost算法构建排污违法行为评估模型，通过对训练集数据进行学习，得到模型参数。该模型可以根据企业的排污数据，预测出企业存在排污违法行为的概率。

2.3 模型评估与优化 

通过对测试集数据进行预测，得到模型的预测结果。根据预测结果与实际情况的比较，可以 为了验证模型的有效性，将剩余的 141 545 条数据 作为测试集，利用训练好的 XGBoost 模型进行预测， 并与实际结果进行比较。测试结果如表3所示，其中 正确率为 99.8%，召回率为 99.7%，F1 值为 99.7%。 通过对比实际结果和预测结果，可以发现模型的预测 结果与实际结果基本一致，证明了模型的有效性。 4 结论 本文利用企业历史排污数据，通过数据预处理、数 据分析和标准化处理，构建了基于 XGBoost 算法的企 业排污数据异常检测模型。通过对比实际结果和预测 结果，证明了模型的有效性，可以帮助监管部门快速 发现企业排污违法行为， 
本文介绍了在训练模型时，将数据分为70%的训练集和30%的测试集，并使用平均绝对误差、均方根误差和平均绝对百分比误差作为评价指标来评估XGBoost模型、GBDT模型和随机森林模型在预测企业排污违法概率方面的性能。结果表明，XGBoost模型在这些指标上都优于传统的随机森林模型，说明XGBoost模型具有更好的可行性。此外，通过对比各模型对企业排污数据正常概率的预测结果，发现XGBoost模型最接近真实数据，而GBDT和随机森林次之。

本文填补了XGBoost算法在企业排污违法概率评估方面的应用研",,,2024-03-19 16:42:21.436570
